sample_time_ns,label,mode,interval_ns,interval_psys_uj,active_psys_uj,idle_uj,total_score,runtime_ns,wakeups,cycles,instructions,cache_misses,migrations,freq_runtime_ns
65865159005529,benchmark,psys,200140989,2850891,2850891,0,350000,0,7,0,0,0,9,""
65865359869446,benchmark,psys,200863917,1966431,1966431,0,100000,0,2,0,0,0,4,""
65865560759432,benchmark,psys,200889986,1293274,1293274,0,0,0,0,0,0,0,6,""
65865761661345,benchmark,psys,200901913,1765320,1765320,0,400000,0,8,0,0,0,2,""
65865962508677,benchmark,psys,200847332,1353210,1353210,0,0,0,0,0,0,0,4,""
65866163537522,benchmark,psys,201028845,2098022,2098022,0,200000,0,4,0,0,0,7,""
65866364379037,benchmark,psys,200841515,1277405,1277405,0,0,0,0,0,0,0,1,""
65866565269636,benchmark,psys,200890599,1339905,1339905,0,0,0,0,0,0,0,3,""
65866766186924,benchmark,psys,200917288,1812622,1812622,0,250000,0,5,0,0,0,3,""
65866967003271,benchmark,psys,200816347,4832031,4832031,0,2700000,0,54,188564883,587375140,356686,90,""
65867167924824,benchmark,psys,200921553,7727783,7727783,0,3300000,0,66,696152683,2390905183,562993,114,""
65867368828012,benchmark,psys,200903188,7716370,7716370,0,4750000,0,95,666346357,2196741907,1346168,211,""
65867569810511,benchmark,psys,200982499,7933228,7933228,0,3350000,0,67,700538092,2386437135,395458,123,""
65867770969234,benchmark,psys,201158723,7860046,7860046,0,3300000,0,66,715958649,2485629653,225507,118,""
65867972093525,benchmark,psys,201124291,7810486,7810486,0,4750000,0,95,718398243,2503624029,320147,107,""
65868173033408,benchmark,psys,200939883,8336609,8336609,0,2800000,0,56,736095494,2528136163,609318,101,""
65868374154645,benchmark,psys,201121237,7910645,7910645,0,2650000,0,53,747308625,2591885181,299247,114,""
65868575185692,benchmark,psys,201031047,7668518,7668518,0,2800000,0,56,743300439,2547633857,437641,97,""
65868776187980,benchmark,psys,201002288,8018250,8018250,0,2650000,0,53,760504599,2649203925,233246,73,""
65868977221695,benchmark,psys,201033715,7560791,7560791,0,2450000,0,49,699322024,2405936880,192049,98,""
65869178354481,benchmark,psys,201132786,8275452,8275452,0,1700000,0,34,826589574,2923131227,85713,79,""
65869379311208,benchmark,psys,200956727,7723572,7723572,0,4700000,0,94,704132478,2341940032,1030931,178,""
65869580157882,benchmark,psys,200846674,7561340,7561340,0,4500000,0,90,745474250,2501237357,554988,185,""
65869781225604,benchmark,psys,201067722,7920593,7920593,0,3950000,0,79,715678587,2435998787,620769,129,""
65869982050682,benchmark,psys,200825078,7845703,7845703,0,2650000,0,53,677540682,2330628533,289764,90,""
65870183162617,benchmark,psys,201111935,8054077,8054077,0,3100000,0,62,729222009,2495701536,315303,126,""
65870383946830,benchmark,psys,200784213,7693604,7693604,0,3100000,0,62,711402292,2471777495,348325,102,""
65870584823922,benchmark,psys,200877092,7365417,7365417,0,1800000,0,36,681740834,2361557567,60692,68,""
65870785840751,benchmark,psys,201016829,7606995,7606995,0,2800000,0,56,673832468,2336050231,122251,80,""
65870987018661,benchmark,psys,201177910,7667603,7667603,0,3350000,0,67,695602816,2404815187,201937,111,""
65871187970855,benchmark,psys,200952194,7699585,7699585,0,1350000,0,27,711565431,2451436345,114836,58,""
65871389110187,benchmark,psys,201139332,7455322,7455322,0,1600000,0,32,720705597,2534993736,204949,54,""
65871590150496,benchmark,psys,201040309,7572693,7572693,0,3000000,0,60,722576069,2478055448,128773,98,""
65871791090850,benchmark,psys,200940354,7856262,7856262,0,5450000,0,109,711408080,2402146643,691888,180,""
65871992198117,benchmark,psys,201107267,7739258,7739258,0,4350000,0,87,753363167,2566412370,750097,185,""
65872193302491,benchmark,psys,201104374,8182068,8182068,0,3500000,0,70,748687047,2569596871,573127,155,""
65872394505170,benchmark,psys,201202679,7742310,7742310,0,3600000,0,72,720470796,2469308556,335744,160,""
65872595623418,benchmark,psys,201118248,8130127,8130127,0,3750000,0,75,694126861,2374797250,540179,167,""
65872797255804,benchmark,psys,201632386,7494019,7494019,0,2800000,0,56,649890104,2222670962,554131,90,""
65872998404999,benchmark,psys,201149195,8071716,8071716,0,4400000,0,88,669061250,2307448209,433409,173,""
65873199339717,benchmark,psys,200934718,7806213,7806213,0,2200000,0,44,766433856,2660618045,139346,71,""
65873400255799,benchmark,psys,200916082,7697144,7697144,0,3950000,0,79,659158812,2228289116,493376,147,""
65873601151724,benchmark,psys,200895925,8257813,8257813,0,4250000,0,85,740535610,2588054565,155625,100,""
65873802105886,benchmark,psys,200954162,8182922,8182922,0,7050000,0,141,725703968,2495498408,661007,104,""
65874003350962,benchmark,psys,201245076,7749207,7749207,0,5500000,0,110,681230828,2298618874,87265,85,""
65874204202560,benchmark,psys,200851598,8118347,8118347,0,2100000,0,42,801073265,2776903708,240513,71,""
65874405366784,benchmark,psys,201164224,7177856,7177856,0,4100000,0,82,670162213,2258591631,395844,117,""
65874606225370,benchmark,psys,200858586,7780212,7780212,0,2800000,0,56,694134522,2414786165,93575,94,""
65874807160779,benchmark,psys,200935409,7842590,7842590,0,3100000,0,62,718732417,2458401679,525787,115,""
65875008151198,benchmark,psys,200990419,8106140,8106140,0,4950000,0,99,675242478,2244551182,832575,164,""
65875209130330,benchmark,psys,200979132,8083069,8083069,0,4600000,0,92,667829344,2267212951,675497,158,""
65875410203474,benchmark,psys,201073144,7458984,7458984,0,3250000,0,65,676069974,2304148773,330237,108,""
65875611189174,benchmark,psys,200985700,8328064,8328064,0,3350000,0,67,785785733,2714985041,432628,126,""
65875812155219,benchmark,psys,200966045,7764343,7764343,0,3200000,0,64,725402274,2473416192,492949,112,""
65876013397522,benchmark,psys,201242303,7360779,7360779,0,2350000,0,47,646031100,2234693374,152533,70,""
65876214506721,benchmark,psys,201109199,7932129,7932129,0,2300000,0,46,720665107,2488221117,206459,71,""
65876415623330,benchmark,psys,201116609,7828125,7828125,0,2250000,0,45,733607455,2600714083,131990,87,""
65876616635743,benchmark,psys,201012413,8134705,8134705,0,3000000,0,60,741012411,2513513336,722743,114,""
65876817743970,benchmark,psys,201108227,7615906,7615906,0,1950000,0,39,738549858,2557140703,87172,59,""
65877018884179,benchmark,psys,201140209,7966492,7966492,0,3000000,0,60,771198000,2676831455,198253,80,""
65877219732017,benchmark,psys,200847838,8215759,8215759,0,5050000,0,101,707949117,2398599013,506709,183,""
65877420819489,benchmark,psys,201087472,8243591,8243591,0,2750000,0,55,786973419,2699440701,314649,101,""
65877621647923,benchmark,psys,200828434,8549988,8549988,0,2050000,0,41,810439144,2803081880,361802,120,""
65877822701239,benchmark,psys,201053316,7900269,7900269,0,3200000,0,64,733250711,2504916508,376133,119,""
65878023872098,benchmark,psys,201170859,8162292,8162292,0,3950000,0,79,696949077,2422539632,253975,112,""
65878225108285,benchmark,psys,201236187,7960693,7960693,0,2600000,0,52,717020792,2504856848,361069,98,""
65878426165199,benchmark,psys,201056914,7267090,7267090,0,3550000,0,71,708418980,2360078496,327383,138,""
65878627294338,benchmark,psys,201129139,7913818,7913818,0,2650000,0,53,748836382,2565998706,294682,103,""
65878828159504,benchmark,psys,200865166,7779846,7779846,0,3050000,0,61,696031198,2408210595,321324,99,""
65879029072996,benchmark,psys,200913492,7692261,7692261,0,3250000,0,65,773555906,2648180071,363084,123,""
65879230189758,benchmark,psys,201116762,8106506,8106506,0,3450000,0,69,684767275,2354391991,412023,126,""
65879431235100,benchmark,psys,201045342,7598206,7598206,0,2900000,0,58,719698412,2486400794,225164,98,""
65879632234015,benchmark,psys,200998915,7919739,7919739,0,3700000,0,74,728345009,2489039955,264915,126,""
65879833309443,benchmark,psys,201075428,7451233,7451233,0,4200000,0,84,572901251,1968512501,450143,110,""
65880034435207,benchmark,psys,201125764,7620667,7620667,0,1850000,0,37,739658390,2595916511,169410,85,""
65880235560602,benchmark,psys,201125395,7935913,7935913,0,3050000,0,61,719161834,2463456043,289154,111,""
65880436568197,benchmark,psys,201007595,7847290,7847290,0,3450000,0,69,703380462,2404597439,265481,114,""
65880637611110,benchmark,psys,201042913,7688721,7688721,0,2150000,0,43,709750786,2446126775,203656,77,""
65880838607773,benchmark,psys,200996663,7162476,7162476,0,4100000,0,82,578296940,1947083577,431629,153,""
65881039807599,benchmark,psys,201199826,7723999,7723999,0,4450000,0,89,602820352,2068751316,417958,135,""
65881241022408,benchmark,psys,201214809,8048340,8048340,0,2150000,0,43,729148809,2517863935,137464,92,""
65881442136523,benchmark,psys,201114115,7422852,7422852,0,1950000,0,39,730931335,2524811452,240818,59,""
65881642998885,benchmark,psys,200862362,7747925,7747925,0,3950000,0,79,680239209,2307417592,779447,137,""
65881843897443,benchmark,psys,200898558,7784729,7784729,0,3250000,0,65,769464863,2663458218,195126,104,""
65882045137859,benchmark,psys,201240416,8007263,8007263,0,3850000,0,77,751203177,2575514313,432722,114,""
65882246239491,benchmark,psys,201101632,8114380,8114380,0,3100000,0,62,696032147,2377336799,568451,132,""
65882447343988,benchmark,psys,201104497,7414307,7414307,0,1950000,0,39,661099029,2388398719,79337,72,""
65882648212634,benchmark,psys,200868646,8150208,8150208,0,3000000,0,60,705802871,2360930938,282404,113,""
65882849152070,benchmark,psys,200939436,7531311,7531311,0,3250000,0,65,646633348,2226090593,406986,117,""
65883050179921,benchmark,psys,201027851,7850464,7850464,0,2000000,0,40,767568077,2674071965,110629,75,""
65883251310774,benchmark,psys,201130853,7758118,7758118,0,3700000,0,74,658887244,2238267605,305105,127,""
65883452356040,benchmark,psys,201045266,7232544,7232544,0,4450000,0,89,622693634,2093877289,611822,140,""
65883653333464,benchmark,psys,200977424,8423096,8423096,0,2500000,0,50,754009698,2620579246,217422,74,""
65883854158028,benchmark,psys,200824564,7854309,7854309,0,2450000,0,49,755458361,2623899342,271427,84,""
65884055532378,benchmark,psys,201374350,8030823,8030823,0,2900000,0,58,712854061,2494391803,305798,89,""
65884256543261,benchmark,psys,201010883,8155029,8155029,0,3100000,0,62,725131490,2492135880,467299,102,""
65884457595605,benchmark,psys,201052344,8234924,8234924,0,850000,0,17,826133803,2911568707,24677,41,""
65884658578899,benchmark,psys,200983294,8285645,8285645,0,2800000,0,56,801899182,2782760052,473550,95,""
65884859288067,benchmark,psys,200709168,7533569,7533569,0,2850000,0,57,712366804,2422578169,393674,110,""
65885060210142,benchmark,psys,200922075,7480103,7480103,0,3100000,0,62,671481010,2290653901,585600,143,""
65885261268810,benchmark,psys,201058668,8157104,8157104,0,2900000,0,58,727530003,2520988121,572138,113,""
65885462308164,benchmark,psys,201039354,7687927,7687927,0,3600000,0,72,638879320,2194057197,513260,98,""
65885663534710,benchmark,psys,201226546,7925171,7925171,0,2550000,0,51,734939942,2564290564,255614,78,""
65885864539151,benchmark,psys,201004441,7505005,7505005,0,3850000,0,77,616640545,2094791444,446771,133,""
65886065825474,benchmark,psys,201286323,7993835,7993835,0,2900000,0,58,796949169,2718967220,385023,111,""
65886267086982,benchmark,psys,201261508,7840881,7840881,0,3600000,0,72,638612741,2192953035,240940,126,""
65886468100140,benchmark,psys,201013158,7624207,7624207,0,1700000,0,34,638961144,2225175266,131232,59,""
65886669243073,benchmark,psys,201142933,8179932,8179932,0,3650000,0,73,707607403,2485329855,409251,109,""
65886870531258,benchmark,psys,201288185,8002136,8002136,0,1600000,0,32,787916865,2756140478,162511,57,""
65887071496641,benchmark,psys,200965383,2577637,2577637,0,400000,0,8,115086262,399336129,6681,23,""
65887272531163,benchmark,psys,201034522,2117004,2117004,0,300000,0,6,0,0,0,6,""
